GROUP,PACKAGE,CLASS,INSTRUCTION_MISSED,INSTRUCTION_COVERED,BRANCH_MISSED,BRANCH_COVERED,LINE_MISSED,LINE_COVERED,COMPLEXITY_MISSED,COMPLEXITY_COVERED,METHOD_MISSED,METHOD_COVERED
servidor-central,pt.trasmum.servidor.dominio,PagamentoCentral,52,24,0,0,15,9,15,1,15,1
servidor-central,pt.trasmum.servidor.dominio,LogAuditoriaCentral,52,24,0,0,15,9,15,1,15,1
servidor-central,pt.trasmum.servidor.dominio,EstadoPagamentoRemessa,0,15,0,0,0,3,0,1,0,1
servidor-central,pt.trasmum.servidor.dominio,IntegridadeInvalidaException,0,4,0,0,0,2,0,1,0,1
servidor-central,pt.trasmum.servidor.dominio,ContaBloqueadaException,0,4,0,0,0,2,0,1,0,1
servidor-central,pt.trasmum.servidor.dominio,SessaoCaixaCentral,52,24,0,0,15,9,15,1,15,1
servidor-central,pt.trasmum.servidor.dominio,TipoPagamento,21,0,0,0,4,0,1,0,1,0
servidor-central,pt.trasmum.servidor.dominio,CredenciaisInvalidasException,0,4,0,0,0,2,0,1,0,1
servidor-central,pt.trasmum.servidor.dominio,CEO,26,38,0,0,7,13,6,7,6,7
servidor-central,pt.trasmum.servidor.dominio,DevolucaoCentral,52,24,0,0,15,9,15,1,15,1
servidor-central,pt.trasmum.servidor.dominio,MetodoPagamento,0,15,0,0,0,3,0,1,0,1
servidor-central,pt.trasmum.servidor.dominio,LinhaVendaCentral,96,0,0,0,30,0,20,0,20,0
servidor-central,pt.trasmum.servidor.dominio,RemessaCentral,52,24,0,0,15,9,15,1,15,1
servidor-central,pt.trasmum.servidor.dominio,Loja,17,9,0,0,5,4,5,1,5,1
servidor-central,pt.trasmum.servidor.dominio,VendaCentral,60,32,1,1,15,10,16,1,15,1
servidor-central,pt.trasmum.servidor.dominio,TipoAcao,0,45,0,0,0,8,0,1,0,1
servidor-central,pt.trasmum.servidor.dominio,FechoDiaCentral,31,15,0,0,9,6,9,1,9,1
servidor-central,pt.trasmum.servidor.handler,AuthHandler,108,0,10,0,26,0,10,0,5,0
servidor-central,pt.trasmum.servidor.handler,MonitorHandler,28,0,4,0,7,0,4,0,2,0
servidor-central,pt.trasmum.servidor.handler,DashboardHandler,71,0,4,0,13,0,6,0,4,0
servidor-central,pt.trasmum.servidor.handler,IngestaoHandler,27,0,0,0,8,0,2,0,2,0
servidor-central,pt.trasmum.servidor.handler,LojaHandler,13,0,0,0,5,0,2,0,2,0
servidor-central,pt.trasmum.servidor.handler,RemessasHandler,23,0,0,0,7,0,2,0,2,0
servidor-central,pt.trasmum.servidor.handler,RelatorioHandler,47,0,4,0,10,0,5,0,3,0
servidor-central,pt.trasmum.servidor.dto.api,EstadoLojaDTO,18,0,0,0,7,0,2,0,2,0
servidor-central,pt.trasmum.servidor.dto.api,DashboardGlobalDTO,3,0,0,0,1,0,1,0,1,0
servidor-central,pt.trasmum.servidor.dto.api,LoginRequestDTO,3,0,0,0,1,0,1,0,1,0
servidor-central,pt.trasmum.servidor.dto.api,RelatorioLinhaDTO,21,0,0,0,8,0,2,0,2,0
servidor-central,pt.trasmum.servidor.dto.api,LoginResponseDTO,9,0,0,0,4,0,1,0,1,0
servidor-central,pt.trasmum.servidor.dto.api,DashboardLojaDTO,3,0,0,0,1,0,1,0,1,0
servidor-central,pt.trasmum.servidor.dto.api,DecomposicaoLojaDTO,31,0,0,0,10,0,2,0,2,0
servidor-central,pt.trasmum.servidor.dto.api,MonitorRedeDTO,3,0,0,0,1,0,1,0,1,0
servidor-central,pt.trasmum.servidor.dto.api,RemessaCentralDTO,27,0,0,0,10,0,2,0,2,0
servidor-central,pt.trasmum.servidor.servico.impl,DashboardServico,359,0,16,0,56,0,11,0,3,0
servidor-central,pt.trasmum.servidor.servico.impl,MonitorServico,112,0,8,0,23,0,7,0,3,0
servidor-central,pt.trasmum.servidor.servico.impl,RemessaServico,127,0,20,0,25,0,12,0,2,0
servidor-central,pt.trasmum.servidor.servico.impl,RelatorioServico,58,0,2,0,11,0,3,0,2,0
servidor-central,pt.trasmum.servidor.servico.impl,IngestaoServico,62,473,12,41,9,74,11,26,0,10
servidor-central,pt.trasmum.servidor.servico.impl,AutenticacaoCEOServico,0,133,0,16,0,32,0,14,0,6
servidor-central,pt.trasmum.servidor.repositorio.impl,RemessaCentralRepositorioImpl,366,0,12,0,80,0,17,0,11,0
servidor-central,pt.trasmum.servidor.repositorio.impl,PagamentoCentralRepositorioImpl,156,0,10,0,35,0,9,0,4,0
servidor-central,pt.trasmum.servidor.repositorio.impl,VendaCentralRepositorioImpl,937,0,52,0,173,0,42,0,16,0
servidor-central,pt.trasmum.servidor.repositorio.impl,LojaRepositorioImpl,139,0,4,0,35,0,7,0,5,0
servidor-central,pt.trasmum.servidor.repositorio.impl,CEORepositorioImpl,242,0,16,0,57,0,14,0,6,0
servidor-central,pt.trasmum.servidor.repositorio.impl,SessaoCaixaCentralRepositorioImpl,132,0,2,0,31,0,5,0,4,0
servidor-central,pt.trasmum.servidor.repositorio.impl,LogAuditoriaCentralRepositorioImpl,184,0,4,0,41,0,8,0,6,0
servidor-central,pt.trasmum.servidor.repositorio.impl,FechoDiaCentralRepositorioImpl,228,0,8,0,61,0,12,0,8,0
servidor-central,pt.trasmum.servidor.repositorio.impl,DevolucaoCentralRepositorioImpl,214,0,6,0,49,0,10,0,7,0
servidor-central,pt.trasmum.servidor.app,SessaoManager.Sessao,9,0,0,0,4,0,1,0,1,0
servidor-central,pt.trasmum.servidor.app,SessaoManager,66,0,8,0,16,0,8,0,4,0
servidor-central,pt.trasmum.servidor.app,ServerMain,301,0,4,0,48,0,16,0,14,0
servidor-central,pt.trasmum.servidor.app,ServerMain.new JsonMapper() {...},20,0,0,0,3,0,3,0,3,0
servidor-central,pt.trasmum.servidor.app,AppContext,307,0,8,0,55,0,9,0,5,0
servidor-central,pt.trasmum.servidor.infra,JsonUtil,37,0,0,0,10,0,5,0,5,0
servidor-central,pt.trasmum.servidor.infra,DatabaseConnection,76,0,6,0,18,0,6,0,3,0
servidor-central,pt.trasmum.servidor.dto.ingestao,LinhaVendaDTO,3,0,0,0,1,0,1,0,1,0
servidor-central,pt.trasmum.servidor.dto.ingestao,PagamentoDTO,0,3,0,0,0,1,0,1,0,1
servidor-central,pt.trasmum.servidor.dto.ingestao,RemessaDTO,0,3,0,0,0,1,0,1,0,1
servidor-central,pt.trasmum.servidor.dto.ingestao,PacoteFechoDTO,0,3,0,0,0,1,0,1,0,1
servidor-central,pt.trasmum.servidor.dto.ingestao,SessaoCaixaDTO,0,3,0,0,0,1,0,1,0,1
servidor-central,pt.trasmum.servidor.dto.ingestao,DevolucaoDTO,0,3,0,0,0,1,0,1,0,1
servidor-central,pt.trasmum.servidor.dto.ingestao,VendaDTO,0,3,0,0,0,1,0,1,0,1
servidor-central,pt.trasmum.servidor.dto.ingestao,LogAuditoriaDTO,0,3,0,0,0,1,0,1,0,1
